track,prompt_id,category,subjective,sensitive,multiturn_implied
HC3,hc3-reddit_eli5-16178,explanation,False,False,False
HC3,hc3-reddit_eli5-14986,explanation,False,False,False
HC3,hc3-reddit_eli5-6067,explanation,False,True,False
HC3,hc3-reddit_eli5-15800,explanation,False,False,False
HC3,hc3-reddit_eli5-8868,explanation,False,True,False
HC3,hc3-reddit_eli5-4926,explanation,False,False,False
HC3,hc3-reddit_eli5-13860,explanation,False,False,False
HC3,hc3-reddit_eli5-5229,explanation,False,False,False
HC3,hc3-reddit_eli5-16353,explanation,False,False,False
HC3,hc3-reddit_eli5-335,explanation,False,False,False
HC3,hc3-reddit_eli5-15065,explanation,False,True,False
HC3,hc3-reddit_eli5-2109,explanation,False,False,False
HC3,hc3-reddit_eli5-10576,explanation,False,True,False
HC3,hc3-reddit_eli5-11939,explanation,False,True,False
HC3,hc3-reddit_eli5-11976,explanation,True,False,False
HC3,hc3-reddit_eli5-1227,explanation,False,False,False
HC3,hc3-reddit_eli5-2677,explanation,False,True,False
HC3,hc3-reddit_eli5-11396,explanation,False,False,False
HC3,hc3-reddit_eli5-10645,explanation,False,False,False
HC3,hc3-reddit_eli5-1289,explanation,False,True,False
HC3,hc3-reddit_eli5-1787,explanation,False,False,False
HC3,hc3-reddit_eli5-13043,explanation,False,False,False
HC3,hc3-reddit_eli5-12283,explanation,False,False,False
HC3,hc3-reddit_eli5-6101,explanation,False,True,False
HC3,hc3-reddit_eli5-15790,explanation,False,False,False
HC3,hc3-reddit_eli5-8417,explanation,False,False,False
HC3,hc3-reddit_eli5-10,explanation,False,False,False
HC3,hc3-reddit_eli5-7363,explanation,False,False,False
HC3,hc3-reddit_eli5-15301,explanation,False,False,False
HC3,hc3-reddit_eli5-3444,explanation,False,False,False
HC3,hc3-reddit_eli5-1536,explanation,False,False,False
HC3,hc3-reddit_eli5-6134,explanation,False,False,False
HC3,hc3-reddit_eli5-13005,explanation,False,False,False
HC3,hc3-reddit_eli5-9553,explanation,False,False,False
HC3,hc3-reddit_eli5-9417,explanation,False,False,False
HC3,hc3-reddit_eli5-7789,explanation,False,False,False
HC3,hc3-reddit_eli5-252,explanation,False,False,False
HC3,hc3-reddit_eli5-2844,explanation,False,False,False
HC3,hc3-reddit_eli5-11577,explanation,False,False,False
HC3,hc3-reddit_eli5-4554,explanation,False,False,False
HC3,hc3-finance-19841,factual_qa,False,False,False
HC3,hc3-finance-19853,explanation,False,False,False
HC3,hc3-finance-20900,advice_recommendation,True,False,False
HC3,hc3-finance-19647,advice_recommendation,False,True,True
HC3,hc3-finance-22641,factual_qa,False,False,False
HC3,hc3-finance-22615,instruction_task,False,False,True
HC3,hc3-finance-20419,other,False,True,True
HC3,hc3-finance-21501,advice_recommendation,True,False,False
HC3,hc3-finance-19540,other,False,False,True
HC3,hc3-finance-22332,explanation,False,False,False
HC3,hc3-finance-19815,advice_recommendation,True,True,False
HC3,hc3-finance-22392,advice_recommendation,True,False,False
HC3,hc3-finance-21686,advice_recommendation,True,False,False
HC3,hc3-finance-22036,instruction_task,False,False,False
HC3,hc3-finance-22381,explanation,False,False,False
HC3,hc3-finance-20882,explanation,False,False,False
HC3,hc3-finance-21798,advice_recommendation,False,False,True
HC3,hc3-finance-20517,advice_recommendation,True,False,False
HC3,hc3-finance-22566,advice_recommendation,True,False,False
HC3,hc3-finance-20041,explanation,False,False,False
HC3,hc3-finance-21998,explanation,False,False,False
HC3,hc3-finance-21328,explanation,False,False,False
HC3,hc3-finance-19940,factual_qa,False,True,False
HC3,hc3-finance-22293,factual_qa,False,False,False
HC3,hc3-finance-21283,advice_recommendation,True,True,False
HC3,hc3-finance-21680,explanation,False,False,False
HC3,hc3-finance-19328,advice_recommendation,False,True,False
HC3,hc3-finance-19818,factual_qa,False,True,False
HC3,hc3-finance-19991,factual_qa,False,False,False
HC3,hc3-finance-19221,explanation,False,False,False
HC3,hc3-finance-22300,factual_qa,False,True,False
HC3,hc3-finance-21396,factual_qa,False,True,False
HC3,hc3-finance-19838,explanation,False,False,False
HC3,hc3-finance-19641,advice_recommendation,True,False,False
HC3,hc3-finance-21444,advice_recommendation,True,False,False
HC3,hc3-finance-20004,explanation,False,False,False
HC3,hc3-finance-21554,advice_recommendation,True,True,False
HC3,hc3-finance-21647,factual_qa,False,False,False
HC3,hc3-finance-22875,factual_qa,False,False,False
HC3,hc3-finance-22134,advice_recommendation,True,False,False
HC3,hc3-open_qa-17292,factual_qa,False,False,False
HC3,hc3-open_qa-17780,factual_qa,False,False,False
HC3,hc3-open_qa-18048,factual_qa,False,False,False
HC3,hc3-open_qa-18215,factual_qa,False,False,False
HC3,hc3-open_qa-17818,factual_qa,False,True,False
HC3,hc3-open_qa-17374,factual_qa,False,False,False
HC3,hc3-open_qa-17188,factual_qa,False,False,False
HC3,hc3-open_qa-17710,factual_qa,False,False,False
HC3,hc3-open_qa-17285,factual_qa,False,False,False
HC3,hc3-open_qa-17439,factual_qa,False,False,False
HC3,hc3-open_qa-17298,factual_qa,False,True,False
HC3,hc3-open_qa-18183,factual_qa,False,False,False
HC3,hc3-open_qa-17598,factual_qa,False,False,False
HC3,hc3-open_qa-17396,factual_qa,False,True,False
HC3,hc3-open_qa-17820,factual_qa,False,False,False
HC3,hc3-open_qa-17352,factual_qa,False,False,False
HC3,hc3-open_qa-17721,factual_qa,False,False,False
HC3,hc3-open_qa-17883,factual_qa,False,False,False
HC3,hc3-open_qa-18261,factual_qa,False,False,False
HC3,hc3-open_qa-17727,factual_qa,False,False,False
HC3,hc3-open_qa-17340,factual_qa,False,True,False
HC3,hc3-open_qa-17724,factual_qa,False,False,False
HC3,hc3-open_qa-17566,factual_qa,False,False,False
HC3,hc3-open_qa-17922,explanation,False,True,False
HC3,hc3-open_qa-17509,factual_qa,False,False,False
HC3,hc3-open_qa-17391,factual_qa,False,False,False
HC3,hc3-open_qa-17259,factual_qa,False,False,False
HC3,hc3-open_qa-17483,factual_qa,False,False,False
HC3,hc3-open_qa-18064,factual_qa,False,False,False
HC3,hc3-open_qa-17833,explanation,False,False,False
HC3,hc3-open_qa-18292,factual_qa,False,True,False
HC3,hc3-open_qa-18175,factual_qa,False,False,False
HC3,hc3-open_qa-17424,factual_qa,False,False,False
HC3,hc3-open_qa-17446,factual_qa,False,False,False
HC3,hc3-open_qa-17661,factual_qa,False,False,False
HC3,hc3-open_qa-18244,factual_qa,False,True,False
HC3,hc3-open_qa-17793,explanation,False,False,False
HC3,hc3-open_qa-17158,factual_qa,False,False,False
HC3,hc3-open_qa-17610,factual_qa,False,False,False
HC3,hc3-open_qa-17193,explanation,False,True,False
HC3,hc3-medicine-23682,advice_recommendation,False,True,False
HC3,hc3-medicine-24075,advice_recommendation,False,True,False
HC3,hc3-medicine-23741,advice_recommendation,False,True,False
HC3,hc3-medicine-23377,advice_recommendation,False,True,False
HC3,hc3-medicine-23764,advice_recommendation,False,True,False
HC3,hc3-medicine-23559,advice_recommendation,False,True,False
HC3,hc3-medicine-23719,advice_recommendation,False,True,False
HC3,hc3-medicine-24014,advice_recommendation,False,True,False
HC3,hc3-medicine-23354,advice_recommendation,False,True,False
HC3,hc3-medicine-23573,advice_recommendation,False,True,False
HC3,hc3-medicine-23461,advice_recommendation,False,True,False
HC3,hc3-medicine-23336,advice_recommendation,False,True,False
HC3,hc3-medicine-23269,advice_recommendation,False,True,False
HC3,hc3-medicine-23482,advice_recommendation,False,True,False
HC3,hc3-medicine-23590,advice_recommendation,False,True,False
HC3,hc3-medicine-23418,advice_recommendation,False,True,False
HC3,hc3-medicine-24202,advice_recommendation,False,True,False
HC3,hc3-medicine-24123,advice_recommendation,False,True,False
HC3,hc3-medicine-23932,advice_recommendation,False,True,False
HC3,hc3-medicine-23655,advice_recommendation,False,True,False
HC3,hc3-medicine-24118,advice_recommendation,False,True,False
HC3,hc3-medicine-23948,advice_recommendation,False,True,False
HC3,hc3-medicine-24151,factual_qa,False,True,False
HC3,hc3-medicine-23972,advice_recommendation,False,True,False
HC3,hc3-medicine-23804,explanation,False,True,False
HC3,hc3-medicine-24256,advice_recommendation,False,True,False
HC3,hc3-medicine-23367,advice_recommendation,False,True,False
HC3,hc3-medicine-23902,advice_recommendation,False,True,False
HC3,hc3-medicine-23626,advice_recommendation,False,True,False
HC3,hc3-medicine-23331,advice_recommendation,False,True,False
HC3,hc3-medicine-23572,advice_recommendation,False,True,False
HC3,hc3-medicine-23274,explanation,False,True,False
HC3,hc3-medicine-23416,explanation,False,True,False
HC3,hc3-medicine-23689,factual_qa,False,True,False
HC3,hc3-medicine-23113,advice_recommendation,False,True,False
HC3,hc3-medicine-24177,advice_recommendation,False,True,False
HC3,hc3-medicine-23711,explanation,False,True,False
HC3,hc3-medicine-23420,factual_qa,False,True,False
HC3,hc3-medicine-24206,factual_qa,False,True,False
HC3,hc3-medicine-24213,explanation,False,True,False
HC3,hc3-wiki_csai-18910,explanation,False,False,False
HC3,hc3-wiki_csai-18772,explanation,False,False,False
HC3,hc3-wiki_csai-18995,explanation,False,False,False
HC3,hc3-wiki_csai-19107,factual_qa,False,False,False
HC3,hc3-wiki_csai-18889,explanation,False,False,False
HC3,hc3-wiki_csai-18505,explanation,False,False,False
HC3,hc3-wiki_csai-18781,explanation,False,False,False
HC3,hc3-wiki_csai-18312,explanation,False,False,False
HC3,hc3-wiki_csai-18983,factual_qa,False,False,False
HC3,hc3-wiki_csai-18986,explanation,False,False,False
HC3,hc3-wiki_csai-18757,explanation,False,False,False
HC3,hc3-wiki_csai-19066,explanation,False,False,False
HC3,hc3-wiki_csai-19098,explanation,False,False,False
HC3,hc3-wiki_csai-18679,factual_qa,False,False,False
HC3,hc3-wiki_csai-18768,explanation,False,False,False
HC3,hc3-wiki_csai-19060,factual_qa,False,False,False
HC3,hc3-wiki_csai-18591,factual_qa,False,False,False
HC3,hc3-wiki_csai-18500,explanation,False,False,False
HC3,hc3-wiki_csai-18375,explanation,False,False,False
HC3,hc3-wiki_csai-18494,explanation,False,False,False
HC3,hc3-wiki_csai-18309,explanation,False,False,False
HC3,hc3-wiki_csai-18724,explanation,False,False,False
HC3,hc3-wiki_csai-18801,explanation,False,False,False
HC3,hc3-wiki_csai-18848,explanation,False,False,False
HC3,hc3-wiki_csai-18386,explanation,False,False,False
HC3,hc3-wiki_csai-18914,explanation,False,False,False
HC3,hc3-wiki_csai-19134,explanation,False,False,False
HC3,hc3-wiki_csai-18469,explanation,False,False,False
HC3,hc3-wiki_csai-19028,explanation,False,False,False
HC3,hc3-wiki_csai-18405,explanation,False,False,False
HC3,hc3-wiki_csai-18316,explanation,False,False,False
HC3,hc3-wiki_csai-18759,explanation,False,False,False
HC3,hc3-wiki_csai-18492,explanation,False,False,False
HC3,hc3-wiki_csai-18733,explanation,False,False,False
HC3,hc3-wiki_csai-19034,explanation,False,False,False
HC3,hc3-wiki_csai-18882,explanation,False,False,False
HC3,hc3-wiki_csai-18669,explanation,False,False,False
HC3,hc3-wiki_csai-18539,explanation,False,False,False
HC3,hc3-wiki_csai-18638,explanation,False,False,False
HC3,hc3-wiki_csai-19121,explanation,False,False,False
AlpacaEval,alpaca-a0a51de694,creative_writing,False,False,False
AlpacaEval,alpaca-370bc01c29,instruction_task,False,False,False
AlpacaEval,alpaca-7a177b6004,instruction_task,False,False,False
AlpacaEval,alpaca-5586addcd6,factual_qa,False,False,False
AlpacaEval,alpaca-a58e860600,code,False,False,False
AlpacaEval,alpaca-f44607a5ab,factual_qa,False,False,False
AlpacaEval,alpaca-c0df5a8047,math_reasoning,False,False,False
AlpacaEval,alpaca-c553651d00,code,False,False,False
AlpacaEval,alpaca-a66d8fc5ec,creative_writing,False,False,False
AlpacaEval,alpaca-a5bbf00ad5,instruction_task,False,False,False
AlpacaEval,alpaca-52b86c51c3,advice_recommendation,True,False,False
AlpacaEval,alpaca-c9380134b8,instruction_task,False,False,False
AlpacaEval,alpaca-b7cbec32d3,explanation,False,False,False
AlpacaEval,alpaca-8d282c3fe4,advice_recommendation,True,False,False
AlpacaEval,alpaca-3a90e7f5dd,opinion_subjective,True,False,False
AlpacaEval,alpaca-337720ee2f,creative_writing,False,True,False
AlpacaEval,alpaca-010bf4c7b7,creative_writing,False,False,False
AlpacaEval,alpaca-20bc7f0e93,creative_writing,False,False,False
AlpacaEval,alpaca-239f02418e,factual_qa,False,False,False
AlpacaEval,alpaca-d5e12e2a92,classification_extraction,False,False,False
AlpacaEval,alpaca-b2cc0166b7,math_reasoning,False,False,False
AlpacaEval,alpaca-3a58ea178d,code,False,False,False
AlpacaEval,alpaca-cd4db070df,factual_qa,False,False,False
AlpacaEval,alpaca-8b3516efd4,opinion_subjective,True,False,False
AlpacaEval,alpaca-d8fc330d60,explanation,False,False,False
AlpacaEval,alpaca-9e1eb776f2,advice_recommendation,False,False,True
AlpacaEval,alpaca-73f0fd792b,instruction_task,False,False,False
AlpacaEval,alpaca-6849352a1b,instruction_task,False,False,False
AlpacaEval,alpaca-0387a48a53,advice_recommendation,False,False,False
AlpacaEval,alpaca-839939e75b,advice_recommendation,True,False,False
AlpacaEval,alpaca-e7ebfe344c,classification_extraction,False,False,False
AlpacaEval,alpaca-17fdf769ac,opinion_subjective,True,True,False
AlpacaEval,alpaca-cd852dfa14,code,False,False,False
AlpacaEval,alpaca-f8e3a3cb23,explanation,False,False,False
AlpacaEval,alpaca-f659a2f0ac,factual_qa,False,False,False
AlpacaEval,alpaca-7e749eb740,explanation,False,False,False
AlpacaEval,alpaca-9c8ef7c786,factual_qa,False,False,False
AlpacaEval,alpaca-e29cf58eca,advice_recommendation,False,False,False
AlpacaEval,alpaca-a6a5de366c,explanation,False,False,False
AlpacaEval,alpaca-94fd6546a8,creative_writing,False,False,False
AlpacaEval,alpaca-97128ec14c,opinion_subjective,True,False,False
AlpacaEval,alpaca-25537f97b7,classification_extraction,False,False,False
AlpacaEval,alpaca-2e7d9f6258,factual_qa,False,False,False
AlpacaEval,alpaca-2540990ac3,advice_recommendation,True,False,False
AlpacaEval,alpaca-1bb5517c60,code,False,False,False
AlpacaEval,alpaca-e225fac12c,advice_recommendation,True,False,False
AlpacaEval,alpaca-99866e24d8,math_reasoning,False,False,False
AlpacaEval,alpaca-90dae9cf79,explanation,False,False,False
AlpacaEval,alpaca-25446a4403,math_reasoning,False,False,False
AlpacaEval,alpaca-dc1f787f4e,creative_writing,False,False,False
AlpacaEval,alpaca-ddea5d58de,instruction_task,False,False,False
AlpacaEval,alpaca-963f5ad53a,advice_recommendation,False,False,False
AlpacaEval,alpaca-e21f4c370d,math_reasoning,False,False,False
AlpacaEval,alpaca-8839a92b1f,summarize_rewrite_edit,False,False,False
AlpacaEval,alpaca-f57e483c03,factual_qa,False,False,False
AlpacaEval,alpaca-8dd3ff1345,instruction_task,False,False,False
AlpacaEval,alpaca-a4a0273b89,instruction_task,False,False,False
AlpacaEval,alpaca-167ba07dff,instruction_task,False,False,False
AlpacaEval,alpaca-dba571b701,instruction_task,False,False,False
AlpacaEval,alpaca-17b924c387,opinion_subjective,True,True,False
AlpacaEval,alpaca-2656abf6ec,advice_recommendation,True,False,False
AlpacaEval,alpaca-2d1491a132,instruction_task,False,False,False
AlpacaEval,alpaca-d16ca746f0,math_reasoning,False,False,False
AlpacaEval,alpaca-44b631b0bf,factual_qa,False,False,False
AlpacaEval,alpaca-de90f54650,explanation,False,False,False
AlpacaEval,alpaca-8c3a115585,summarize_rewrite_edit,False,False,False
AlpacaEval,alpaca-67f0b7b275,creative_writing,False,False,False
AlpacaEval,alpaca-e9f2ee5273,creative_writing,False,False,False
AlpacaEval,alpaca-bbe97f30e9,code,False,False,False
AlpacaEval,alpaca-d6da3dfb35,explanation,False,False,False
AlpacaEval,alpaca-a14dbb882b,creative_writing,True,False,False
AlpacaEval,alpaca-96d226d83b,classification_extraction,False,False,False
AlpacaEval,alpaca-869465614c,creative_writing,False,False,False
AlpacaEval,alpaca-01030f9e1f,creative_writing,True,False,False
AlpacaEval,alpaca-d30954a4c5,instruction_task,False,False,False
AlpacaEval,alpaca-ac6ba6e31b,instruction_task,False,False,False
AlpacaEval,alpaca-17c6ea5905,factual_qa,False,False,False
AlpacaEval,alpaca-2080d26f50,factual_qa,False,False,False
AlpacaEval,alpaca-2f16c80579,math_reasoning,False,False,False
AlpacaEval,alpaca-952968a143,summarize_rewrite_edit,False,False,False
AlpacaEval,alpaca-2846bc2f0f,opinion_subjective,True,False,False
AlpacaEval,alpaca-33c403eacf,math_reasoning,False,False,False
AlpacaEval,alpaca-4608f7debc,explanation,False,False,False
AlpacaEval,alpaca-0858981924,factual_qa,False,False,False
AlpacaEval,alpaca-567a7ae6b4,code,False,False,False
AlpacaEval,alpaca-a011d8b8a9,explanation,False,True,False
AlpacaEval,alpaca-53c28e02e7,instruction_task,False,False,False
AlpacaEval,alpaca-1f229a19af,advice_recommendation,True,False,False
AlpacaEval,alpaca-e6849ccfa5,explanation,False,False,False
AlpacaEval,alpaca-e5f29d5558,advice_recommendation,False,False,False
AlpacaEval,alpaca-cc5528ca18,classification_extraction,False,False,False
AlpacaEval,alpaca-eb6b0421b8,explanation,False,False,False
AlpacaEval,alpaca-fa17be7cf0,advice_recommendation,False,False,False
AlpacaEval,alpaca-8727b4e239,opinion_subjective,True,False,False
AlpacaEval,alpaca-ccae133bad,code,False,False,False
AlpacaEval,alpaca-9eade7c2ee,factual_qa,False,False,False
AlpacaEval,alpaca-37018044f1,explanation,False,False,False
AlpacaEval,alpaca-a23fc4c23e,advice_recommendation,False,False,False
AlpacaEval,alpaca-b071f29e46,roleplay,False,False,False
AlpacaEval,alpaca-332fd54c1b,opinion_subjective,True,True,False
AlpacaEval,alpaca-c5cf23a7f8,opinion_subjective,True,False,False
AlpacaEval,alpaca-58f10cd793,advice_recommendation,True,False,False
AlpacaEval,alpaca-58b0706cc2,summarize_rewrite_edit,False,False,False
AlpacaEval,alpaca-4429fc852e,explanation,False,False,False
AlpacaEval,alpaca-96aebd9d8e,instruction_task,False,False,False
AlpacaEval,alpaca-a1bceddaa3,factual_qa,False,True,False
AlpacaEval,alpaca-a9400b0db0,summarize_rewrite_edit,False,False,False
AlpacaEval,alpaca-a8537ecad5,factual_qa,False,False,False
AlpacaEval,alpaca-68cc1b94e0,advice_recommendation,True,False,False
AlpacaEval,alpaca-b1e7fb25ad,math_reasoning,False,False,False
AlpacaEval,alpaca-978e854955,explanation,False,False,False
AlpacaEval,alpaca-38627659b0,factual_qa,False,False,False
AlpacaEval,alpaca-7481902207,personal_emotional,False,True,False
AlpacaEval,alpaca-af156ccef7,explanation,False,False,False
AlpacaEval,alpaca-a1b4fbc544,advice_recommendation,True,False,False
AlpacaEval,alpaca-817b3cc26c,factual_qa,False,False,False
AlpacaEval,alpaca-07202e10cf,explanation,False,False,False
AlpacaEval,alpaca-26c8718920,instruction_task,False,False,False
AlpacaEval,alpaca-7dc9849feb,factual_qa,False,False,False
AlpacaEval,alpaca-a0623f0abd,classification_extraction,False,False,False
AlpacaEval,alpaca-259adf58ad,creative_writing,False,False,False
AlpacaEval,alpaca-cb570cec26,creative_writing,True,False,False
AlpacaEval,alpaca-643b90d611,roleplay,True,False,False
AlpacaEval,alpaca-b96c7fb0d4,factual_qa,False,False,False
AlpacaEval,alpaca-4bfc5c0dc0,creative_writing,False,False,False
AlpacaEval,alpaca-b6af03c947,explanation,False,True,False
AlpacaEval,alpaca-810203aac0,code,False,False,False
AlpacaEval,alpaca-155e8e2f56,explanation,False,False,False
AlpacaEval,alpaca-296b3c43f6,factual_qa,False,False,False
AlpacaEval,alpaca-7f118227ca,factual_qa,False,False,False
AlpacaEval,alpaca-369649cbab,advice_recommendation,True,False,False
AlpacaEval,alpaca-c471659150,advice_recommendation,False,True,False
AlpacaEval,alpaca-2575ef82f4,factual_qa,False,False,False
AlpacaEval,alpaca-bb05617440,explanation,False,False,False
AlpacaEval,alpaca-b2e131c89d,explanation,False,False,False
AlpacaEval,alpaca-f9ffeaf6cd,factual_qa,False,False,False
AlpacaEval,alpaca-369fed89cd,math_reasoning,False,False,False
AlpacaEval,alpaca-9ea07292b8,explanation,False,True,False
AlpacaEval,alpaca-fee0c7a860,advice_recommendation,True,False,False
AlpacaEval,alpaca-3ecdacb6b0,explanation,False,False,False
AlpacaEval,alpaca-fd52cebb04,creative_writing,False,False,False
AlpacaEval,alpaca-bb69564624,explanation,True,False,False
AlpacaEval,alpaca-53f370c12f,instruction_task,False,False,False
AlpacaEval,alpaca-6656a23b24,other,False,False,False
AlpacaEval,alpaca-34674cb3c1,advice_recommendation,True,False,False
AlpacaEval,alpaca-08cf33dc33,advice_recommendation,False,False,False
AlpacaEval,alpaca-faff717f9f,creative_writing,False,False,False
AlpacaEval,alpaca-ef86bea026,explanation,True,False,True
AlpacaEval,alpaca-67f463825b,instruction_task,False,False,False
AlpacaEval,alpaca-507ff6a428,instruction_task,False,False,False
AlpacaEval,alpaca-8587371b52,opinion_subjective,True,False,False
AlpacaEval,alpaca-c74efaf9dd,opinion_subjective,True,False,False
AlpacaEval,alpaca-8c534cb07c,math_reasoning,False,False,False
AlpacaEval,alpaca-ae5bdb8602,creative_writing,False,False,False
AlpacaEval,alpaca-c52227ce03,instruction_task,False,False,False
AlpacaEval,alpaca-d953d740a1,creative_writing,False,False,False
AlpacaEval,alpaca-5e5f2a20b6,explanation,False,False,False
AlpacaEval,alpaca-95ff2ab401,instruction_task,False,False,True
AlpacaEval,alpaca-68dffb5578,explanation,False,False,False
AlpacaEval,alpaca-16b34b99c4,explanation,False,False,False
AlpacaEval,alpaca-b58a47b465,advice_recommendation,False,False,False
AlpacaEval,alpaca-6755dd97e1,factual_qa,False,False,False
AlpacaEval,alpaca-8418081d60,instruction_task,False,False,False
AlpacaEval,alpaca-d0858b0c5d,classification_extraction,False,False,False
AlpacaEval,alpaca-ca2fc9cf9c,creative_writing,False,False,False
AlpacaEval,alpaca-d55464f6e0,advice_recommendation,False,True,False
AlpacaEval,alpaca-1110164a60,math_reasoning,False,False,False
AlpacaEval,alpaca-6994e90517,explanation,False,False,False
AlpacaEval,alpaca-108db3f953,factual_qa,False,True,False
AlpacaEval,alpaca-77b2dae4c8,math_reasoning,False,False,False
AlpacaEval,alpaca-43b70c2129,advice_recommendation,False,False,False
AlpacaEval,alpaca-a2dd385318,instruction_task,False,False,False
AlpacaEval,alpaca-4674654f93,advice_recommendation,False,False,False
AlpacaEval,alpaca-d764438ed9,factual_qa,False,False,False
AlpacaEval,alpaca-b82110fbb6,factual_qa,False,True,False
AlpacaEval,alpaca-ebd3e6e81c,instruction_task,False,False,False
AlpacaEval,alpaca-2ba15f2029,math_reasoning,False,False,False
AlpacaEval,alpaca-0de158e615,creative_writing,False,False,False
AlpacaEval,alpaca-e524acc576,advice_recommendation,True,False,False
AlpacaEval,alpaca-64ee70439f,advice_recommendation,False,False,False
AlpacaEval,alpaca-12e8e23650,instruction_task,False,False,False
AlpacaEval,alpaca-206b4fd1cb,advice_recommendation,True,False,False
AlpacaEval,alpaca-e6e8679749,explanation,False,False,False
AlpacaEval,alpaca-f62abe274c,advice_recommendation,True,False,False
AlpacaEval,alpaca-140b40ea89,summarize_rewrite_edit,False,False,False
AlpacaEval,alpaca-281f71f3c4,explanation,False,False,False
AlpacaEval,alpaca-696f7175de,instruction_task,False,True,False
AlpacaEval,alpaca-eae588b961,creative_writing,False,False,False
AlpacaEval,alpaca-77e4ac4878,code,False,False,False
AlpacaEval,alpaca-6517d142ce,creative_writing,False,False,False
AlpacaEval,alpaca-fb3367d593,explanation,False,False,False
AlpacaEval,alpaca-7149a71f04,instruction_task,False,False,False
AlpacaEval,alpaca-3c4ba00b38,explanation,False,False,False
AlpacaEval,alpaca-c57c6bbd73,advice_recommendation,True,False,False
AlpacaEval,alpaca-c4035af5c0,factual_qa,False,False,False
AlpacaEval,alpaca-3277d18e06,opinion_subjective,True,False,False
AlpacaEval,alpaca-9d354ad437,instruction_task,False,False,False
AlpacaEval,alpaca-d1d5fb96e9,math_reasoning,False,False,False
AlpacaEval,alpaca-64d1dc49ea,classification_extraction,False,False,False
AlpacaEval,alpaca-254c91c3ac,explanation,False,False,False
